{
  "algorithm_details": {
    "algorithm_type": "decision_tree",
    "experiment_type": "comprehensive",
    "max_depth": 3,
    "features_used": [
      "sepal length (cm)",
      "sepal width (cm)",
      "petal length (cm)",
      "petal width (cm)",
      "petal_area"
    ],
    "feature_importance": {
      "petal width (cm)": 0.5252100840336136,
      "petal_area": 0.47478991596638653,
      "sepal length (cm)": 0.0,
      "sepal width (cm)": 0.0,
      "petal length (cm)": 0.0
    },
    "training_samples": 150,
    "tree_depth": 3,
    "n_leaves": 4,
    "decision_rules": "|--- petal width (cm) <= 0.80\n|   |--- class: 0\n|--- petal width (cm) >  0.80\n|   |--- petal_area <= 7.42\n|   |   |--- class: 1\n|   |--- petal_area >  7.42\n|   |   |--- petal_area <= 8.73\n|   |   |   |--- class: 2\n|   |   |--- petal_area >  8.73\n|   |   |   |--- class: 2\n"
  },
  "validation_results": {
    "loocv_accuracy": 0.9666666666666667,
    "loocv_std": 0.17950549357115014,
    "loocv_scores": [
      1.0,
      1.0,
      1.0,
      1.0,
      1.0,
      1.0,
      1.0,
      1.0,
      1.0,
      1.0,
      1.0,
      1.0,
      1.0,
      1.0,
      1.0,
      1.0,
      1.0,
      1.0,
      1.0,
      1.0,
      1.0,
      1.0,
      1.0,
      1.0,
      1.0,
      1.0,
      1.0,
      1.0,
      1.0,
      1.0,
      1.0,
      1.0,
      1.0,
      1.0,
      1.0,
      1.0,
      1.0,
      1.0,
      1.0,
      1.0,
      1.0,
      1.0,
      1.0,
      1.0,
      1.0,
      1.0,
      1.0,
      1.0,
      1.0,
      1.0,
      1.0,
      1.0,
      1.0,
      1.0,
      1.0,
      1.0,
      0.0,
      1.0,
      1.0,
      1.0,
      1.0,
      1.0,
      1.0,
      1.0,
      1.0,
      1.0,
      1.0,
      1.0,
      1.0,
      1.0,
      0.0,
      1.0,
      1.0,
      1.0,
      1.0,
      1.0,
      1.0,
      0.0,
      1.0,
      1.0,
      1.0,
      1.0,
      1.0,
      0.0,
      1.0,
      1.0,
      1.0,
      1.0,
      1.0,
      1.0,
      1.0,
      1.0,
      1.0,
      1.0,
      1.0,
      1.0,
      1.0,
      1.0,
      1.0,
      1.0,
      1.0,
      1.0,
      1.0,
      1.0,
      1.0,
      1.0,
      1.0,
      1.0,
      1.0,
      1.0,
      1.0,
      1.0,
      1.0,
      1.0,
      1.0,
      1.0,
      1.0,
      1.0,
      1.0,
      0.0,
      1.0,
      1.0,
      1.0,
      1.0,
      1.0,
      1.0,
      1.0,
      1.0,
      1.0,
      1.0,
      1.0,
      1.0,
      1.0,
      1.0,
      1.0,
      1.0,
      1.0,
      1.0,
      1.0,
      1.0,
      1.0,
      1.0,
      1.0,
      1.0,
      1.0,
      1.0,
      1.0,
      1.0,
      1.0,
      1.0
    ],
    "repeated_cv_accuracy": 0.9586666666666668,
    "repeated_cv_std": 0.05397941994665909,
    "repeated_cv_scores": [
      1.0,
      1.0,
      1.0,
      1.0,
      0.8666666666666667,
      0.9333333333333333,
      1.0,
      1.0,
      0.9333333333333333,
      0.9333333333333333,
      1.0,
      0.9333333333333333,
      1.0,
      0.8666666666666667,
      0.8,
      1.0,
      1.0,
      1.0,
      0.9333333333333333,
      1.0,
      0.8666666666666667,
      0.9333333333333333,
      0.9333333333333333,
      1.0,
      1.0,
      1.0,
      1.0,
      0.9333333333333333,
      1.0,
      1.0,
      0.9333333333333333,
      0.9333333333333333,
      1.0,
      1.0,
      1.0,
      1.0,
      0.9333333333333333,
      0.8666666666666667,
      1.0,
      0.8,
      1.0,
      0.8666666666666667,
      0.9333333333333333,
      0.9333333333333333,
      0.8666666666666667,
      1.0,
      1.0,
      1.0,
      1.0,
      1.0,
      1.0,
      1.0,
      1.0,
      0.9333333333333333,
      0.9333333333333333,
      0.8666666666666667,
      0.8666666666666667,
      0.9333333333333333,
      1.0,
      1.0,
      1.0,
      0.8666666666666667,
      1.0,
      0.9333333333333333,
      1.0,
      1.0,
      1.0,
      0.9333333333333333,
      0.9333333333333333,
      0.8666666666666667,
      1.0,
      1.0,
      0.9333333333333333,
      1.0,
      0.9333333333333333,
      1.0,
      0.9333333333333333,
      1.0,
      0.9333333333333333,
      0.9333333333333333,
      1.0,
      0.8666666666666667,
      0.8666666666666667,
      1.0,
      0.9333333333333333,
      0.9333333333333333,
      1.0,
      1.0,
      1.0,
      0.9333333333333333,
      1.0,
      0.8,
      0.9333333333333333,
      1.0,
      1.0,
      0.9333333333333333,
      1.0,
      1.0,
      1.0,
      1.0
    ],
    "cv_folds": 10,
    "cv_repeats": 10,
    "total_cv_iterations": 100
  },
  "full_dataset_training": {
    "training_accuracy": 0.9733333333333334,
    "total_samples": 150,
    "samples_per_class": 50
  },
  "per_class_accuracy": {
    "setosa": 1.0,
    "versicolor": 0.92,
    "virginica": 0.98
  },
  "confusion_matrix": [
    [
      50,
      0,
      0
    ],
    [
      0,
      46,
      4
    ],
    [
      0,
      1,
      49
    ]
  ],
  "classification_report": {
    "setosa": {
      "precision": 1.0,
      "recall": 1.0,
      "f1-score": 1.0,
      "support": 50.0
    },
    "versicolor": {
      "precision": 0.9787234042553191,
      "recall": 0.92,
      "f1-score": 0.9484536082474226,
      "support": 50.0
    },
    "virginica": {
      "precision": 0.9245283018867925,
      "recall": 0.98,
      "f1-score": 0.9514563106796117,
      "support": 50.0
    },
    "accuracy": 0.9666666666666667,
    "macro avg": {
      "precision": 0.9677505687140372,
      "recall": 0.9666666666666667,
      "f1-score": 0.9666366396423447,
      "support": 150.0
    },
    "weighted avg": {
      "precision": 0.9677505687140372,
      "recall": 0.9666666666666667,
      "f1-score": 0.9666366396423448,
      "support": 150.0
    }
  },
  "performance_metrics": {
    "overall_accuracy": 0.9666666666666667,
    "total_samples": 150,
    "correct_predictions": 145,
    "misclassification_count": 5
  },
  "misclassifications": [
    {
      "index": 56,
      "true_species": "versicolor",
      "predicted_species": "virginica",
      "petal_length": 4.7,
      "petal_width": 1.6,
      "sepal_length": 6.3,
      "sepal_width": 3.3
    },
    {
      "index": 70,
      "true_species": "versicolor",
      "predicted_species": "virginica",
      "petal_length": 4.8,
      "petal_width": 1.8,
      "sepal_length": 5.9,
      "sepal_width": 3.2
    },
    {
      "index": 77,
      "true_species": "versicolor",
      "predicted_species": "virginica",
      "petal_length": 5.0,
      "petal_width": 1.7,
      "sepal_length": 6.7,
      "sepal_width": 3.0
    },
    {
      "index": 83,
      "true_species": "versicolor",
      "predicted_species": "virginica",
      "petal_length": 5.1,
      "petal_width": 1.6,
      "sepal_length": 6.0,
      "sepal_width": 2.7
    },
    {
      "index": 119,
      "true_species": "virginica",
      "predicted_species": "versicolor",
      "petal_length": 5.0,
      "petal_width": 1.5,
      "sepal_length": 6.0,
      "sepal_width": 2.2
    }
  ],
  "model_path": "/Users/lkronecker/Projects/leo-garcia-vargas/research/models/decision_tree_comprehensive_2025_07_22_000131.joblib"
}