{
  "experiment_metadata": {
    "experiment_name": "xgboost_comprehensive",
    "timestamp": "2025-07-22T00:04:16.601386",
    "model_type": "iris_classifier",
    "approach": "baseline"
  },
  "performance_metrics": {
    "overall_accuracy": 0.9466666666666667,
    "total_samples": 150,
    "correct_predictions": 142,
    "misclassification_count": 8
  },
  "validation_metrics": {
    "loocv_accuracy": 0.9466666666666667,
    "loocv_std": 0.2246973272847029,
    "repeated_cv_accuracy": 0.9526666666666668,
    "repeated_cv_std": 0.05102940328869228
  },
  "algorithm_details": {
    "experiment_type": "comprehensive",
    "n_estimators": 200,
    "max_depth": 4,
    "learning_rate": 0.1,
    "subsample": 0.8,
    "colsample_bytree": 0.8,
    "features_used": [
      "sepal length (cm)",
      "sepal width (cm)",
      "petal length (cm)",
      "petal width (cm)",
      "petal_area",
      "area_ratio",
      "is_likely_setosa",
      "versicolor_virginica_interaction",
      "petal_to_sepal_width_ratio"
    ],
    "feature_importance": {
      "petal length (cm)": 0.27843141555786133,
      "petal_area": 0.23631179332733154,
      "petal width (cm)": 0.22773437201976776,
      "area_ratio": 0.18831604719161987,
      "versicolor_virginica_interaction": 0.034008223563432693,
      "petal_to_sepal_width_ratio": 0.018211018294095993,
      "sepal length (cm)": 0.011592382565140724,
      "sepal width (cm)": 0.005394723732024431,
      "is_likely_setosa": 0.0
    },
    "training_samples": 150,
    "training_accuracy": 1.0,
    "overfitting_gap": 0.053333333333333344
  },
  "per_class_accuracy": {
    "setosa": 1.0,
    "versicolor": 0.9,
    "virginica": 0.94
  },
  "classification_report": {
    "setosa": {
      "precision": 0.9803921568627451,
      "recall": 1.0,
      "f1-score": 0.9900990099009901,
      "support": 50.0
    },
    "versicolor": {
      "precision": 0.9375,
      "recall": 0.9,
      "f1-score": 0.9183673469387755,
      "support": 50.0
    },
    "virginica": {
      "precision": 0.9215686274509803,
      "recall": 0.94,
      "f1-score": 0.9306930693069307,
      "support": 50.0
    },
    "accuracy": 0.9466666666666667,
    "macro avg": {
      "precision": 0.9464869281045751,
      "recall": 0.9466666666666667,
      "f1-score": 0.9463864753822321,
      "support": 150.0
    },
    "weighted avg": {
      "precision": 0.9464869281045751,
      "recall": 0.9466666666666667,
      "f1-score": 0.9463864753822321,
      "support": 150.0
    }
  },
  "confusion_matrix": [
    [
      50,
      0,
      0
    ],
    [
      1,
      45,
      4
    ],
    [
      0,
      3,
      47
    ]
  ],
  "loocv_predictions": [
    0,
    0,
    0,
    0,
    0,
    0,
    0,
    0,
    0,
    0,
    0,
    0,
    0,
    0,
    0,
    0,
    0,
    0,
    0,
    0,
    0,
    0,
    0,
    0,
    0,
    0,
    0,
    0,
    0,
    0,
    0,
    0,
    0,
    0,
    0,
    0,
    0,
    0,
    0,
    0,
    0,
    0,
    0,
    0,
    0,
    0,
    0,
    0,
    0,
    0,
    1,
    1,
    1,
    1,
    1,
    1,
    1,
    1,
    1,
    1,
    1,
    1,
    1,
    1,
    1,
    1,
    1,
    1,
    2,
    1,
    2,
    1,
    1,
    1,
    1,
    1,
    1,
    2,
    1,
    1,
    1,
    1,
    1,
    2,
    1,
    1,
    1,
    1,
    1,
    1,
    1,
    1,
    1,
    1,
    1,
    1,
    1,
    1,
    0,
    1,
    2,
    2,
    2,
    2,
    2,
    2,
    1,
    2,
    2,
    2,
    2,
    2,
    2,
    2,
    2,
    2,
    2,
    2,
    2,
    1,
    2,
    2,
    2,
    2,
    2,
    2,
    2,
    2,
    2,
    2,
    2,
    2,
    2,
    1,
    2,
    2,
    2,
    2,
    2,
    2,
    2,
    2,
    2,
    2,
    2,
    2,
    2,
    2,
    2,
    2
  ],
  "loocv_true_labels": [
    0,
    0,
    0,
    0,
    0,
    0,
    0,
    0,
    0,
    0,
    0,
    0,
    0,
    0,
    0,
    0,
    0,
    0,
    0,
    0,
    0,
    0,
    0,
    0,
    0,
    0,
    0,
    0,
    0,
    0,
    0,
    0,
    0,
    0,
    0,
    0,
    0,
    0,
    0,
    0,
    0,
    0,
    0,
    0,
    0,
    0,
    0,
    0,
    0,
    0,
    1,
    1,
    1,
    1,
    1,
    1,
    1,
    1,
    1,
    1,
    1,
    1,
    1,
    1,
    1,
    1,
    1,
    1,
    1,
    1,
    1,
    1,
    1,
    1,
    1,
    1,
    1,
    1,
    1,
    1,
    1,
    1,
    1,
    1,
    1,
    1,
    1,
    1,
    1,
    1,
    1,
    1,
    1,
    1,
    1,
    1,
    1,
    1,
    1,
    1,
    2,
    2,
    2,
    2,
    2,
    2,
    2,
    2,
    2,
    2,
    2,
    2,
    2,
    2,
    2,
    2,
    2,
    2,
    2,
    2,
    2,
    2,
    2,
    2,
    2,
    2,
    2,
    2,
    2,
    2,
    2,
    2,
    2,
    2,
    2,
    2,
    2,
    2,
    2,
    2,
    2,
    2,
    2,
    2,
    2,
    2,
    2,
    2,
    2,
    2
  ],
  "loocv_indices": [
    0,
    1,
    2,
    3,
    4,
    5,
    6,
    7,
    8,
    9,
    10,
    11,
    12,
    13,
    14,
    15,
    16,
    17,
    18,
    19,
    20,
    21,
    22,
    23,
    24,
    25,
    26,
    27,
    28,
    29,
    30,
    31,
    32,
    33,
    34,
    35,
    36,
    37,
    38,
    39,
    40,
    41,
    42,
    43,
    44,
    45,
    46,
    47,
    48,
    49,
    50,
    51,
    52,
    53,
    54,
    55,
    56,
    57,
    58,
    59,
    60,
    61,
    62,
    63,
    64,
    65,
    66,
    67,
    68,
    69,
    70,
    71,
    72,
    73,
    74,
    75,
    76,
    77,
    78,
    79,
    80,
    81,
    82,
    83,
    84,
    85,
    86,
    87,
    88,
    89,
    90,
    91,
    92,
    93,
    94,
    95,
    96,
    97,
    98,
    99,
    100,
    101,
    102,
    103,
    104,
    105,
    106,
    107,
    108,
    109,
    110,
    111,
    112,
    113,
    114,
    115,
    116,
    117,
    118,
    119,
    120,
    121,
    122,
    123,
    124,
    125,
    126,
    127,
    128,
    129,
    130,
    131,
    132,
    133,
    134,
    135,
    136,
    137,
    138,
    139,
    140,
    141,
    142,
    143,
    144,
    145,
    146,
    147,
    148,
    149
  ],
  "misclassifications": [
    {
      "index": 68,
      "true_species": "versicolor",
      "predicted_species": "virginica",
      "petal_length": 4.5,
      "petal_width": 1.5,
      "sepal_length": 6.2,
      "sepal_width": 2.2
    },
    {
      "index": 70,
      "true_species": "versicolor",
      "predicted_species": "virginica",
      "petal_length": 4.8,
      "petal_width": 1.8,
      "sepal_length": 5.9,
      "sepal_width": 3.2
    },
    {
      "index": 77,
      "true_species": "versicolor",
      "predicted_species": "virginica",
      "petal_length": 5.0,
      "petal_width": 1.7,
      "sepal_length": 6.7,
      "sepal_width": 3.0
    },
    {
      "index": 83,
      "true_species": "versicolor",
      "predicted_species": "virginica",
      "petal_length": 5.1,
      "petal_width": 1.6,
      "sepal_length": 6.0,
      "sepal_width": 2.7
    },
    {
      "index": 98,
      "true_species": "versicolor",
      "predicted_species": "setosa",
      "petal_length": 3.0,
      "petal_width": 1.1,
      "sepal_length": 5.1,
      "sepal_width": 2.5
    },
    {
      "index": 106,
      "true_species": "virginica",
      "predicted_species": "versicolor",
      "petal_length": 4.5,
      "petal_width": 1.7,
      "sepal_length": 4.9,
      "sepal_width": 2.5
    },
    {
      "index": 119,
      "true_species": "virginica",
      "predicted_species": "versicolor",
      "petal_length": 5.0,
      "petal_width": 1.5,
      "sepal_length": 6.0,
      "sepal_width": 2.2
    },
    {
      "index": 133,
      "true_species": "virginica",
      "predicted_species": "versicolor",
      "petal_length": 5.1,
      "petal_width": 1.5,
      "sepal_length": 6.3,
      "sepal_width": 2.8
    }
  ]
}